firstName;lastName;birthdate;email;phone;street1;street2;city;stateProvince;postalCode;country
Ade;Karsudi;06/12/2000;ade@gmail.com;124124124;Jln. Raya 1;Jln. Raya 7;Yogyakarta;Yogyakarta;12345;Indonesia
Budi;Setia;07/03/2000;buds@gmail.com;14141234214;Jln. Raya 2;Jln. Raya 8;Jakarta Selatan;Jakarta;13524;Indonesia
Lukman;Sardi;23/10/1997;lusar@gmail.com;1234124124;Jln. Raya 3;Jln. Raya 9;Tangerang Selatan;Banten;12453;Indonesia
Riska;Amalia;11/07/1999;risa@gmail.com;3523523523;Jln. Raya 4;Jln. Raya 10;Bandung;Jawa Barat;15243;Indonesia
Danang;Darto;28/09/2002;danang@gmail.com;2353623114;Jln. Raya 5;Jln. Raya 11;Denpasar;Bali;51423;Indonesia
Lisa;Putri;19/05/1995;lisa@gmail.com;35241241412;Jln. Raya 6;Jln. Raya 12;Surabaya;Jawa Timur;54123;Indonesia
